{
    "loss": 0.5365931391716003,
    "accuracy": 0.9215686321258545
}